,logFC,logCPM,LR,PValue,DE,FDR
4:60140650|60222035,-9.57487492558002,-0.572423057402246,14.2504349996227,0.000160023817713181,0,0.0715306465177918
7:46390062|46390792,7.14166308952639,-2.46682917171192,9.85245293327507,0.00169605459674035,0,0.279661865342247
12:104183128|104214231,6.83488524864338,1.44785339801384,9.13908214675284,0.00250206588013255,0,0.279661865342247
5:90623137|90624419,7.95606789539897,-2.2070387890403,9.13871571832368,0.00250256702767111,0,0.279661865342247
12:104183128|104229473,6.37017602564906,1.39701191379265,8.08443396768898,0.0044647073643972,0,0.321171767115203
6:121840680|122024457,-6.39403723624618,-3.60651277538123,7.84883199560986,0.00508535513182503,0,0.321171767115203
12:104307096|104307260,-7.09110825269054,-2.84395894669561,7.63701582026803,0.00571824429147236,0,0.321171767115203
12:104183128|104202577,6.38445510096296,1.28444173932178,7.62764194427982,0.00574804057476874,0,0.321171767115203
8:93786931|93827354,9.39079636488883,0.631341573766183,6.77909562939225,0.0092231609353,0,0.436145093507272
8:93830747|93896421,9.23097042608345,-0.0284262402202515,6.55433211330894,0.0104629104599186,0,0.436145093507272
12:103698220|103863570,8.99298515310987,-0.263255981539028,6.3993951957498,0.0114159247642033,0,0.436145093507272
4:62005361|62068565,-6.19227279880637,-3.18537228826987,6.11139869716788,0.0134312796064269,0,0.436145093507272
12:103730927|103820125,6.06556157524446,-2.95125211719301,6.06363626879542,0.0137993266003703,0,0.436145093507272
6:128760627|128792281,5.58353849490084,-3.49236097338574,6.05113888410643,0.0138973303113537,0,0.436145093507272
6:128463081|128464453,5.59763391988479,-3.80235377973583,5.95979516857946,0.0146357413928615,0,0.436145093507272
4:61969509|62001964,-7.05879501610969,-1.75153553524158,5.58907366770626,0.01807285129535,0,0.50491028306384
12:103696703|103698304,-5.78363915997635,-3.84130104577937,5.30727271256332,0.0212365758820079,0,0.539432376171481
9:46153725|46153922,5.56913760520891,-3.49275402958099,5.26790746710443,0.0217221091075764,0,0.539432376171481
7:19430263|19430935,-6.65140569734192,-2.33696687299451,5.15148563791456,0.0232264929848887,0,0.546433808644487
12:104234703|104310539,-6.25125394284187,-2.4723577595413,4.88776074601969,0.0270477453822513,0,0.578254352406798
19:39990271|40085302,-6.37039292015443,-2.16449769707561,4.88021012640466,0.0271663118580375,0,0.578254352406798
7:3742637|3918072,6.06226808689734,-2.11954758738529,4.70311118226289,0.0301080686268119,0,0.61174121255386
14:21284901|21290639,-5.07101716945051,-4.21225275074112,4.59151029235279,0.0321306899450636,0,0.624452974149714
12:104186468|104219094,4.9837493060739,-3.72422158544464,4.38747474995555,0.0362038980798942,0,0.658368662986791
5:90612815|90615281,6.02449134993368,-3.02553295256029,4.34826510596959,0.0370466668735103,0,0.658368662986791
5:87398430|87560307,-5.11328846695313,-3.99227845177405,4.26986347498542,0.0387940472786299,0,0.658368662986791
4:63264519|63282262,5.67288663894586,-3.04305385694128,4.0852705978619,0.0432585241320028,0,0.658368662986791
7:3720551|3898374,5.57368730811886,-3.12910376267231,4.048266764256,0.0442167211521497,0,0.658368662986791
17:35485163|35564006,5.24177941183858,-3.39765295962594,3.78857151939298,0.0516036707758297,0,0.658368662986791
8:93786931|93896421,-4.794298012636,-2.06982672123698,3.67048492970448,0.0553840681368952,0,0.658368662986791
7:105241093|105244406,3.87602743075464,-2.8645203575805,3.60446129259145,0.057624735556407,0,0.658368662986791
5:90620479|90622558,-4.64866902224205,-3.71558009000231,3.4004175777538,0.0651799166187983,0,0.658368662986791
15:81809987|81810127,-4.73959870950676,-4.46327081607255,3.22899009548528,0.0723452899278902,0,0.658368662986791
12:115876351|115916462,4.26255049263126,-4.14750266621985,3.21673762180553,0.0728887631691793,0,0.658368662986791
5:90612008|90612844,4.47912599715091,-3.82859642692187,3.12091016399677,0.0772935996380417,0,0.658368662986791
14:40843257|40843429,3.98379508700654,-4.07456377495806,2.97720607579602,0.0844449266029141,0,0.658368662986791
12:103733675|103863570,-4.14722191440594,-3.94583490328713,2.80801859723814,0.0937941568117176,0,0.658368662986791
7:105245507|105248533,4.28231637716063,-4.07555644049742,2.72537316013799,0.0987650359766909,0,0.658368662986791
9:103092408|103094671,-4.0019526790504,-2.9608711367332,2.69272988105156,0.100806973727865,0,0.658368662986791
5:145636536|145795693,4.09176186189142,-3.99910313495636,2.68457399841189,0.101324319662403,0,0.658368662986791
10:127626685|127648818,-3.21115335422186,-3.56306787566771,2.66431286661101,0.102622135505925,0,0.658368662986791
5:90619898|90620406,4.24549226627324,-4.42622924789978,2.64955524089261,0.103578872167713,0,0.658368662986791
17:35485163|35602109,-3.99681367597272,-4.01903378738597,2.6482425669982,0.10366444445703,0,0.658368662986791
7:3802770|3918072,-4.06657727593972,-4.07915562975405,2.6429134455984,0.104012642006031,0,0.658368662986791
5:105372520|105428137,4.02760877495154,-4.03578462490963,2.62477196277422,0.105207618926094,0,0.658368662986791
17:31475628|31559986,-3.96821879999066,-4.36087586854364,2.62276271772099,0.10534089018924,0,0.658368662986791
1:67244327|67251634,4.53329410775084,-4.53280446854203,2.53960525126127,0.111022540035108,0,0.658368662986791
16:22717613|22718076,-3.78285367852018,-4.28613558464676,2.29759439839864,0.129574541156311,0,0.658368662986791
17:35485664|35647568,3.81091325350311,-4.28195896749158,2.29659698371052,0.129657791934379,0,0.658368662986791
12:104183177|104214231,3.69959098286805,-4.25059840180145,2.28262012672632,0.130830686430744,0,0.658368662986791
9:103092392|103094654,-3.53091788762054,-4.26417176759562,2.19738397201192,0.138245176878941,0,0.658368662986791
5:145645855|145805854,-4.49336552203687,-2.70313068022214,2.15843184361154,0.141789328708479,0,0.658368662986791
12:104206506|104377659,3.55969483864696,-4.29988451408259,2.14121459771946,0.143388325717067,0,0.658368662986791
1:140075393|140075563,-3.43253759594901,-4.13523021652625,2.11072998123103,0.146269529222656,0,0.658368662986791
17:36378535|36432809,4.09259708886365,-4.51978954089664,2.10869437637046,0.146464232745916,0,0.658368662986791
17:34947739|35028315,3.38399633295411,-4.1255485643299,2.09389918237974,0.147888196188633,0,0.658368662986791
8:105778364|105813343,-3.40461317250362,-4.30944649058409,2.06211068618188,0.151000886194551,0,0.658368662986791
11:78391255|78391411,-2.9251279930943,-3.61942428745351,1.99736420632811,0.15757301206454,0,0.658368662986791
5:145727460|145799317,-2.69281289872766,-2.02178273488335,1.93530442314147,0.164179280787748,0,0.658368662986791
10:127660345|127724353,-3.32171711475778,-4.37820513260067,1.91037202856515,0.166921938983999,0,0.658368662986791
5:105251635|105273616,3.86410766492203,-4.56186782808178,1.89031620103256,0.169166261632133,0,0.658368662986791
5:92753191|92753426,-3.78458760455227,-4.57740615549457,1.84169451097007,0.174752470009308,0,0.658368662986791
11:120453521|120454117,-3.0309373789417,-3.98035310938592,1.79781441796855,0.179976945824885,0,0.658368662986791
MU069435.1:3592|30918,-3.67224376642626,-4.56974903459854,1.78718134130499,0.181269965925956,0,0.658368662986791
4:49543672|49543836,-3.64419840906804,-4.60056568735277,1.75092533236211,0.185760447481735,0,0.658368662986791
7:105244725|105245498,2.92135184668978,-4.25005074363289,1.73213505044067,0.18813846140724,0,0.658368662986791
1:173740380|173810307,3.02882419721261,-0.983339660164167,1.72300694223688,0.189306445182887,0,0.658368662986791
3:151197914|151203613,-3.11095495227264,-4.03175827592839,1.7111559901711,0.190835455359919,0,0.658368662986791
5:90616445|90620406,3.12417139634358,-4.45843606168424,1.63958578344038,0.200382309760928,0,0.658368662986791
7:119258346|119259906,-3.56447755670641,-4.69802521774635,1.62620489935985,0.202228768870571,0,0.658368662986791
4:96529509|96529685,-3.51593240323197,-4.6858289278442,1.61160488331159,0.204266351644232,0,0.658368662986791
5:89591358|89593240,-3.45145995202965,-4.74700363068868,1.53552622531547,0.215284947893705,0,0.658368662986791
5:87159833|87160043,-3.331495598021,-4.76000347313925,1.45804649325517,0.227241200017755,0,0.658368662986791
5:145652280|145810341,-2.84070275344839,-4.49334613721098,1.43327865170281,0.231230105236471,0,0.658368662986791
8:105776815|105811781,-2.84070275344839,-4.49334613721098,1.43327865170281,0.231230105236471,0,0.658368662986791
9:103087760|103089091,-2.84070275344839,-4.49334613721098,1.43327865170281,0.231230105236471,0,0.658368662986791
6:129635629|129652363,2.60185805473456,-4.40263360044871,1.3882072537034,0.238708084968503,0,0.658368662986791
7:3828327|3918072,3.10482057968953,-4.72231868287134,1.37565379865639,0.240842853027263,0,0.658368662986791
5:90616505|90619933,2.64073702748212,-4.04389726605035,1.33089327625304,0.248646365185696,0,0.658368662986791
12:104234703|104378743,2.78203541516764,-4.52231595183291,1.32833774772121,0.249101149573539,0,0.658368662986791
1:85423964|85542992,2.78203541516764,-4.52231595183291,1.32833774772121,0.249101149573539,0,0.658368662986791
11:4048371|4053463,-3.06893976706451,-4.81592264058724,1.3079239456685,0.252770880548268,0,0.658368662986791
1:139786293|139819430,-2.64980106960995,-4.21483309471072,1.29637235836385,0.254876918783357,0,0.658368662986791
11:58092294|58105996,2.66347742778462,-4.51729024302256,1.26935170463757,0.259888334895944,0,0.658368662986791
6:121863504|121930420,-3.09711735779967,-4.0839284315547,1.25397358328648,0.262794899277802,0,0.658368662986791
10:22161590|22183197,2.48273298157267,-4.46764810582034,1.23648383597472,0.266149782003065,0,0.658368662986791
1:160822888|160823025,-2.92721896228025,-4.85142544553411,1.23612146456674,0.266219853578567,0,0.658368662986791
3:82951084|82951612,2.42887233990332,-4.07685862157447,1.20236005233549,0.272850489621655,0,0.658368662986791
5:121933001|121949675,-2.60526151090839,-4.59202198086357,1.2004544849148,0.273230860326767,0,0.658368662986791
11:116062984|116063163,-2.49248290380942,-4.51959908661082,1.17748903422885,0.277867771695215,0,0.658368662986791
1:173707491|173765592,-2.36267863939522,-3.38403530965465,1.14042306397705,0.285562949727223,0,0.658368662986791
2:157966063|157966272,2.43064820813408,-4.56131144754984,1.10518453692616,0.29313112396262,0,0.658368662986791
12:103698220|103786414,2.47633137182111,-4.65905155703142,1.10071647127354,0.294108922577893,0,0.658368662986791
2:84603485|84603744,2.47633137182111,-4.65905155703142,1.10071647127354,0.294108922577893,0,0.658368662986791
6:68098499|68247556,2.61932005718032,-4.93103751195392,1.07208461710773,0.300475054508218,0,0.658368662986791
12:104217731|104375566,1.97977988009748,-4.30572418693298,1.04360208366319,0.306985199863495,0,0.658368662986791
12:103730927|103861462,-2.3724118907437,-0.688068744312509,1.03971454658058,0.307887870109867,0,0.658368662986791
3:94546232|94630211,2.89500887558659,-3.85752241443475,1.0139131401122,0.3139671934563,0,0.658368662986791
2:4932176|4932329,-2.31758543166578,-4.67437559538633,1.00676621535322,0.31567880207849,0,0.658368662986791
19:38106851|38112550,-2.32033919945773,-4.73475845329692,0.998403373617384,0.317697153369743,0,0.658368662986791
4:49536800|49538282,-2.32033919945773,-4.73475845329692,0.998403373617384,0.317697153369743,0,0.658368662986791
2:122272043|122316571,2.31450377127235,-4.70197241609817,0.993218700419425,0.318956966410685,0,0.658368662986791
4:62003441|62066480,2.31450377127235,-4.70197241609817,0.993218700419425,0.318956966410685,0,0.658368662986791
8:125291003|125291158,2.31450377127235,-4.70197241609817,0.993218700419425,0.318956966410685,0,0.658368662986791
1:173740380|173805003,-2.72644754329179,-2.980803370397,0.961330431727706,0.326851903962737,0,0.658368662986791
11:86521339|86521490,-2.1264612478188,-4.53540190402805,0.956688121771843,0.328022716046145,0,0.658368662986791
17:36352341|36421027,2.12900106521315,-4.53419566830636,0.95213841590032,0.329175578626763,0,0.658368662986791
10:51357663|51367814,2.10487744816872,-4.51915743318467,0.941411949650087,0.331914988691514,0,0.658368662986791
11:120451516|120452083,-2.21844920572367,-4.75520740808923,0.932520730829431,0.334208770252769,0,0.658368662986791
12:103698220|103698406,-2.21844920572367,-4.75520740808923,0.932520730829431,0.334208770252769,0,0.658368662986791
2:134364905|134372717,-2.21844920572367,-4.75520740808923,0.932520730829431,0.334208770252769,0,0.658368662986791
Y:90750411|90804686,1.67035134419354,-1.96179350935587,0.920704562013358,0.33729004527652,0,0.658368662986791
18:60521331|60572570,2.20357952081273,-4.74258314062416,0.91419482853991,0.339003851699001,0,0.658368662986791
9:46141197|46141598,2.20357952081273,-4.74258314062416,0.91419482853991,0.339003851699001,0,0.658368662986791
3:94542716|94629281,-2.13869844679965,-4.67122811224027,0.909353356440655,0.340286050504838,0,0.658368662986791
19:38105139|38105341,1.91704583834321,-3.87371217435662,0.90918216388948,0.340331507848002,0,0.658368662986791
3:20042195|20043295,2.17574869041748,-4.76977271014544,0.896811895379804,0.343637999956051,0,0.658368662986791
13:49349100|49349519,-2.15066196786632,-4.81166366545592,0.885593956167482,0.346674103558826,0,0.658368662986791
5:145716333|145795693,-2.15066196786632,-4.81166366545592,0.885593956167482,0.346674103558826,0,0.658368662986791
5:145914453|145918356,-2.15066196786632,-4.81166366545592,0.885593956167482,0.346674103558826,0,0.658368662986791
5:89583378|89586127,-2.15066196786632,-4.81166366545592,0.885593956167482,0.346674103558826,0,0.658368662986791
6:119347111|119347369,-2.15066196786632,-4.81166366545592,0.885593956167482,0.346674103558826,0,0.658368662986791
10:86528250|86529288,-2.06026331136968,-4.68373122079185,0.883350058526497,0.347285764244334,0,0.658368662986791
10:24793811|24796599,2.15213978443246,-4.80976601652171,0.881466400722091,0.3478003584622,0,0.658368662986791
12:104183128|104203545,2.15213978443246,-4.80976601652171,0.881466400722091,0.3478003584622,0,0.658368662986791
5:137090816|137091039,2.15213978443246,-4.80976601652171,0.881466400722091,0.3478003584622,0,0.658368662986791
7:105241408|105244394,2.15213978443246,-4.80976601652171,0.881466400722091,0.3478003584622,0,0.658368662986791
16:22714030|22715344,-2.05265232482016,-4.70275692309106,0.872965802186352,0.350135555681997,0,0.658368662986791
1:170079119|170110866,1.98969290553197,-4.54810971795326,0.863025733777236,0.352893344496845,0,0.658368662986791
1:155658271|155659256,2.02984118034636,-4.74871850624927,0.842389760491147,0.358714191413536,0,0.658368662986791
14:120066841|120073301,-2.06715351995245,-4.82875121289505,0.837815124599359,0.360022394803355,0,0.658368662986791
15:96906568|96906833,-2.06715351995245,-4.82875121289505,0.837815124599359,0.360022394803355,0,0.658368662986791
3:58432513|58432928,-2.06715351995245,-4.82875121289505,0.837815124599359,0.360022394803355,0,0.658368662986791
5:137985880|137987910,-2.06715351995245,-4.82875121289505,0.837815124599359,0.360022394803355,0,0.658368662986791
11:21509834|21512987,-2.07263063552964,-4.79847986078007,0.83309792924787,0.361378257443305,0,0.658368662986791
7:105244725|105249067,-2.07263063552964,-4.79847986078007,0.83309792924787,0.361378257443305,0,0.658368662986791
8:93798495|93847000,-2.07263063552964,-4.79847986078007,0.83309792924787,0.361378257443305,0,0.658368662986791
10:24796550|24798581,2.07185095784276,-4.80498739612869,0.824731727367761,0.363800342257487,0,0.658368662986791
2:122272040|122316571,2.07185095784276,-4.80498739612869,0.824731727367761,0.363800342257487,0,0.658368662986791
14:30643369|30643879,2.03412869892987,-4.84091214854759,0.81350570843688,0.367085812611083,0,0.658368662986791
2:181282410|181287385,2.03412869892987,-4.84091214854759,0.81350570843688,0.367085812611083,0,0.658368662986791
15:82235180|82238328,-1.99463300131469,-4.89278784322968,0.810888327308094,0.367857746742872,0,0.658368662986791
1:21335091|21335225,-1.99463300131469,-4.89278784322968,0.810888327308094,0.367857746742872,0,0.658368662986791
3:14928615|14931981,-1.99463300131469,-4.89278784322968,0.810888327308094,0.367857746742872,0,0.658368662986791
4:61947528|62001964,-1.99463300131469,-4.89278784322968,0.810888327308094,0.367857746742872,0,0.658368662986791
7:140353066|140354496,-1.99463300131469,-4.89278784322968,0.810888327308094,0.367857746742872,0,0.658368662986791
7:144006285|144008523,-1.99463300131469,-4.89278784322968,0.810888327308094,0.367857746742872,0,0.658368662986791
1:67254673|67257085,1.99548204352536,-4.81823785016451,0.806831033690834,0.369058818243327,0,0.658368662986791
10:79546100|79547387,1.99542855418788,-4.89129765558802,0.806831015107121,0.369058823757116,0,0.658368662986791
13:67831522|67859126,1.99542855418788,-4.89129765558802,0.806831015107121,0.369058823757116,0,0.658368662986791
19:39795959|39869686,1.99542855418788,-4.89129765558802,0.806831015107121,0.369058823757116,0,0.658368662986791
2:91461041|91463609,1.99542855418788,-4.89129765558802,0.806831015107121,0.369058823757116,0,0.658368662986791
5:142890305|142890523,1.99542855418788,-4.89129765558802,0.806831015107121,0.369058823757116,0,0.658368662986791
7:3766803|3918072,1.99542855418788,-4.89129765558802,0.806831015107121,0.369058823757116,0,0.658368662986791
7:98807461|98813912,1.99542855418788,-4.89129765558802,0.806831015107121,0.369058823757116,0,0.658368662986791
3:82950730|82951612,1.85849911272356,-4.58328386867352,0.803526432652262,0.370041111162378,0,0.658368662986791
7:3900860|3918072,1.98666431846932,-4.74329982249897,0.802711804009683,0.370283819493078,0,0.658368662986791
6:52596962|52607334,-1.93296377342392,-4.7757007287354,0.781999946915503,0.376530182022342,0,0.658368662986791
13:4497032|4499033,-1.95191176376123,-4.8648537039566,0.770565106579699,0.380042288846191,0,0.658368662986791
17:84139025|84139808,-1.95191176376123,-4.8648537039566,0.770565106579699,0.380042288846191,0,0.658368662986791
2:10121460|10122257,-1.95191176376123,-4.8648537039566,0.770565106579699,0.380042288846191,0,0.658368662986791
5:90611848|90612042,1.95333474049291,-4.870275685815,0.766551543805037,0.381285978504336,0,0.658368662986791
6:128469120|128471787,1.95333474049291,-4.870275685815,0.766551543805037,0.381285978504336,0,0.658368662986791
8:111703061|111734943,1.95333474049291,-4.870275685815,0.766551543805037,0.381285978504336,0,0.658368662986791
10:42691111|42692465,-1.91587964265324,-4.90619943633739,0.763986068446772,0.382083964295015,0,0.658368662986791
15:82336812|82337945,-1.91587964265324,-4.90619943633739,0.763986068446772,0.382083964295015,0,0.658368662986791
16:37410095|37413821,-1.91587964265324,-4.90619943633739,0.763986068446772,0.382083964295015,0,0.658368662986791
18:31748661|31769152,-1.91587964265324,-4.90619943633739,0.763986068446772,0.382083964295015,0,0.658368662986791
19:20595244|20602165,-1.91587964265324,-4.90619943633739,0.763986068446772,0.382083964295015,0,0.658368662986791
19:3960898|3961616,-1.91587964265324,-4.90619943633739,0.763986068446772,0.382083964295015,0,0.658368662986791
7:19430518|19430946,-1.91587964265324,-4.90619943633739,0.763986068446772,0.382083964295015,0,0.658368662986791
11:23599270|23599484,-1.8387439926925,-4.72050391216925,0.740495525481657,0.389502189869546,0,0.658368662986791
12:113617299|113760061,1.88129508980253,-4.91573618136256,0.740179881771445,0.389603261666272,0,0.658368662986791
18:31754081|31769152,1.88129508980253,-4.91573618136256,0.740179881771445,0.389603261666272,0,0.658368662986791
1:72888327|72888863,1.88129508980253,-4.91573618136256,0.740179881771445,0.389603261666272,0,0.658368662986791
5:123312441|123314025,1.88129508980253,-4.91573618136256,0.740179881771445,0.389603261666272,0,0.658368662986791
16:36154593|36184675,1.79326489294801,-4.75688212061997,0.728716923393931,0.393299399949335,0,0.658368662986791
6:40662211|40688205,-1.77063346518201,-4.90838736668263,0.707391817095493,0.400311027506532,0,0.658368662986791
13:56694611|56696195,-1.76972327933129,-4.97860923399837,0.707391781317582,0.400311039421335,0,0.658368662986791
15:76582508|76582709,-1.76972327933129,-4.97860923399837,0.707391781317582,0.400311039421335,0,0.658368662986791
19:39627010|39775344,-1.76972327933129,-4.97860923399837,0.707391781317582,0.400311039421335,0,0.658368662986791
1:173609802|173754788,-1.76972327933129,-4.97860923399837,0.707391781317582,0.400311039421335,0,0.658368662986791
1:86009763|86010973,-1.76972327933129,-4.97860923399837,0.707391781317582,0.400311039421335,0,0.658368662986791
5:135151659|135152010,-1.76972327933129,-4.97860923399837,0.707391781317582,0.400311039421335,0,0.658368662986791
7:111700968|111701120,-1.76972327933129,-4.97860923399837,0.707391781317582,0.400311039421335,0,0.658368662986791
8:118461233|118461445,-1.76972327933129,-4.97860923399837,0.707391781317582,0.400311039421335,0,0.658368662986791
9:108940903|108941160,-1.76972327933129,-4.97860923399837,0.707391781317582,0.400311039421335,0,0.658368662986791
9:123136391|123136707,-1.76972327933129,-4.97860923399837,0.707391781317582,0.400311039421335,0,0.658368662986791
9:46140444|46141262,-1.76972327933129,-4.97860923399837,0.707391781317582,0.400311039421335,0,0.658368662986791
X:20418714|20423851,-1.76972327933129,-4.97860923399837,0.707391781317582,0.400311039421335,0,0.658368662986791
19:39627010|39700997,-1.76972933299904,-4.84152139006389,0.707391750070158,0.40031104982739,0,0.658368662986791
14:59560617|59618933,1.77084021704308,-4.90017732346431,0.703468760984357,0.401620589251586,0,0.658368662986791
10:79966114|79966294,1.769841155112,-4.97756691042566,0.703468732461053,0.401620598795602,0,0.658368662986791
12:103821963|103861462,1.769841155112,-4.97756691042566,0.703468732461053,0.401620598795602,0,0.658368662986791
17:35321680|35321906,1.769841155112,-4.97756691042566,0.703468732461053,0.401620598795602,0,0.658368662986791
18:12890665|12896003,1.769841155112,-4.97756691042566,0.703468732461053,0.401620598795602,0,0.658368662986791
5:120600911|120601264,1.769841155112,-4.97756691042566,0.703468732461053,0.401620598795602,0,0.658368662986791
5:8991044|8996119,1.769841155112,-4.97756691042566,0.703468732461053,0.401620598795602,0,0.658368662986791
6:116628750|116628899,1.769841155112,-4.97756691042566,0.703468732461053,0.401620598795602,0,0.658368662986791
6:87000110|87002642,1.769841155112,-4.97756691042566,0.703468732461053,0.401620598795602,0,0.658368662986791
MU069435.1:3592|30804,1.769841155112,-4.97756691042566,0.703468732461053,0.401620598795602,0,0.658368662986791
8:93857323|93879020,-1.58586368452576,-2.58784541916006,0.698714056432906,0.403216127546438,0,0.658368662986791
14:73605821|73622557,-1.80093511731932,-4.93448979769306,0.69823414761464,0.403377683113581,0,0.658368662986791
15:9084278|9091317,-1.80093511731932,-4.93448979769306,0.69823414761464,0.403377683113581,0,0.658368662986791
16:18230660|18232083,-1.80093511731932,-4.93448979769306,0.69823414761464,0.403377683113581,0,0.658368662986791
4:62002754|62003038,-1.80093511731932,-4.93448979769306,0.69823414761464,0.403377683113581,0,0.658368662986791
5:87072407|87237408,-1.80093511731932,-4.93448979769306,0.69823414761464,0.403377683113581,0,0.658368662986791
5:88785078|88785218,-1.80093511731932,-4.93448979769306,0.69823414761464,0.403377683113581,0,0.658368662986791
6:138124706|138127860,-1.80093511731932,-4.93448979769306,0.69823414761464,0.403377683113581,0,0.658368662986791
7:103914170|103988186,-1.80093511731932,-4.93448979769306,0.69823414761464,0.403377683113581,0,0.658368662986791
8:112566990|112568573,-1.80093511731932,-4.93448979769306,0.69823414761464,0.403377683113581,0,0.658368662986791
14:75512456|75515625,1.80046663110735,-4.93873259950679,0.694320601171264,0.404698660559804,0,0.658368662986791
17:30354297|30354479,1.80046663110735,-4.93873259950679,0.694320601171264,0.404698660559804,0,0.658368662986791
17:36342530|36377282,1.80046663110735,-4.93873259950679,0.694320601171264,0.404698660559804,0,0.658368662986791
3:82954101|82957110,1.80046663110735,-4.93873259950679,0.694320601171264,0.404698660559804,0,0.658368662986791
4:40977086|40977342,1.80046663110735,-4.93873259950679,0.694320601171264,0.404698660559804,0,0.658368662986791
5:145799157|145812284,1.80046663110735,-4.93873259950679,0.694320601171264,0.404698660559804,0,0.658368662986791
5:90620481|90623159,1.80046663110735,-4.93873259950679,0.694320601171264,0.404698660559804,0,0.658368662986791
7:126974561|126991687,1.80046663110735,-4.93873259950679,0.694320601171264,0.404698660559804,0,0.658368662986791
7:19430263|19430499,1.80046663110735,-4.93873259950679,0.694320601171264,0.404698660559804,0,0.658368662986791
8:11273050|11282030,1.80046663110735,-4.93873259950679,0.694320601171264,0.404698660559804,0,0.658368662986791
5:90611882|90612018,-1.84853126655354,-3.89318600364048,0.668768138946589,0.413481419763838,0,0.658368662986791
12:104309439|104311682,-1.69420691033323,-4.98798526157339,0.662154968843508,0.415800187597085,0,0.658368662986791
19:39604064|39637458,-1.69420691033323,-4.98798526157339,0.662154968843508,0.415800187597085,0,0.658368662986791
2:84520683|84520823,-1.69420691033323,-4.98798526157339,0.662154968843508,0.415800187597085,0,0.658368662986791
2:91456047|91459641,-1.69420691033323,-4.98798526157339,0.662154968843508,0.415800187597085,0,0.658368662986791
3:107919588|107919739,-1.69420691033323,-4.98798526157339,0.662154968843508,0.415800187597085,0,0.658368662986791
4:156261680|156261898,-1.69420691033323,-4.98798526157339,0.662154968843508,0.415800187597085,0,0.658368662986791
6:128463856|128464453,-1.69420691033323,-4.98798526157339,0.662154968843508,0.415800187597085,0,0.658368662986791
MT:13166|13370,-1.69420691033323,-4.98798526157339,0.662154968843508,0.415800187597085,0,0.658368662986791
X:74834891|74837258,-1.69420691033323,-4.98798526157339,0.662154968843508,0.415800187597085,0,0.658368662986791
11:120007713|120007847,1.66006398430285,-4.99464670570149,0.639295199899861,0.423966130755824,0,0.658368662986791
15:82523257|82523526,1.66006398430285,-4.99464670570149,0.639295199899861,0.423966130755824,0,0.658368662986791
17:35077023|35078024,1.66006398430285,-4.99464670570149,0.639295199899861,0.423966130755824,0,0.658368662986791
5:113986588|113988848,1.66006398430285,-4.99464670570149,0.639295199899861,0.423966130755824,0,0.658368662986791
5:122639716|122639889,1.66006398430285,-4.99464670570149,0.639295199899861,0.423966130755824,0,0.658368662986791
5:125580247|125583360,1.66006398430285,-4.99464670570149,0.639295199899861,0.423966130755824,0,0.658368662986791
6:55147700|55147997,1.66006398430285,-4.99464670570149,0.639295199899861,0.423966130755824,0,0.658368662986791
6:87880467|87881158,1.66006398430285,-4.99464670570149,0.639295199899861,0.423966130755824,0,0.658368662986791
8:93849728|93872375,1.66006398430285,-4.99464670570149,0.639295199899861,0.423966130755824,0,0.658368662986791
8:95558401|95559197,1.66006398430285,-4.99464670570149,0.639295199899861,0.423966130755824,0,0.658368662986791
X:37514240|37519867,1.58946091320656,-4.78591680568209,0.604003525767195,0.437054563806978,0,0.658368662986791
18:31766843|31769152,-1.5862420349381,-4.80349785526735,0.600598691254143,0.438349689381828,0,0.658368662986791
10:89309614|89319386,-1.58341386381567,-5.00773067294223,0.599200557590235,0.438883212235355,0,0.658368662986791
11:50186819|50186976,-1.58341386381567,-5.00773067294223,0.599200557590235,0.438883212235355,0,0.658368662986791
15:91691055|91695288,-1.58341386381567,-5.00773067294223,0.599200557590235,0.438883212235355,0,0.658368662986791
16:17154747|17155000,-1.58341386381567,-5.00773067294223,0.599200557590235,0.438883212235355,0,0.658368662986791
16:22713075|22715359,-1.58341386381567,-5.00773067294223,0.599200557590235,0.438883212235355,0,0.658368662986791
16:38071490|38071876,-1.58341386381567,-5.00773067294223,0.599200557590235,0.438883212235355,0,0.658368662986791
17:34957817|35036930,-1.58341386381567,-5.00773067294223,0.599200557590235,0.438883212235355,0,0.658368662986791
17:57352079|57352218,-1.58341386381567,-5.00773067294223,0.599200557590235,0.438883212235355,0,0.658368662986791
19:39296052|39298275,-1.58341386381567,-5.00773067294223,0.599200557590235,0.438883212235355,0,0.658368662986791
1:130778887|130779412,-1.58341386381567,-5.00773067294223,0.599200557590235,0.438883212235355,0,0.658368662986791
1:140090689|140090874,-1.58341386381567,-5.00773067294223,0.599200557590235,0.438883212235355,0,0.658368662986791
1:153495546|153495713,-1.58341386381567,-5.00773067294223,0.599200557590235,0.438883212235355,0,0.658368662986791
2:143789649|143789820,-1.58341386381567,-5.00773067294223,0.599200557590235,0.438883212235355,0,0.658368662986791
2:174266459|174267765,-1.58341386381567,-5.00773067294223,0.599200557590235,0.438883212235355,0,0.658368662986791
2:35206018|35211698,-1.58341386381567,-5.00773067294223,0.599200557590235,0.438883212235355,0,0.658368662986791
4:115381445|115463969,-1.58341386381567,-5.00773067294223,0.599200557590235,0.438883212235355,0,0.658368662986791
4:63067656|63070864,-1.58341386381567,-5.00773067294223,0.599200557590235,0.438883212235355,0,0.658368662986791
4:98921551|98925725,-1.58341386381567,-5.00773067294223,0.599200557590235,0.438883212235355,0,0.658368662986791
5:110071336|110144076,-1.58341386381567,-5.00773067294223,0.599200557590235,0.438883212235355,0,0.658368662986791
6:128466982|128468172,-1.58341386381567,-5.00773067294223,0.599200557590235,0.438883212235355,0,0.658368662986791
7:14150143|14157410,-1.58341386381567,-5.00773067294223,0.599200557590235,0.438883212235355,0,0.658368662986791
7:45144979|45148223,-1.58341386381567,-5.00773067294223,0.599200557590235,0.438883212235355,0,0.658368662986791
8:93837354|93868098,-1.58341386381567,-5.00773067294223,0.599200557590235,0.438883212235355,0,0.658368662986791
8:93880492|94000885,-1.58341386381567,-5.00773067294223,0.599200557590235,0.438883212235355,0,0.658368662986791
9:110210197|110210401,-1.58341386381567,-5.00773067294223,0.599200557590235,0.438883212235355,0,0.658368662986791
9:46182234|46182457,-1.58341386381567,-5.00773067294223,0.599200557590235,0.438883212235355,0,0.658368662986791
MT:13917|14141,-1.58341386381567,-5.00773067294223,0.599200557590235,0.438883212235355,0,0.658368662986791
X:37513144|37531017,-1.58341386381567,-5.00773067294223,0.599200557590235,0.438883212235355,0,0.658368662986791
MT:13371|13514,-1.58487203098215,-4.86833752461473,0.599200536168854,0.438883220417302,0,0.658368662986791
7:103928520|103995951,1.58264427030904,-4.8061051203052,0.595781482842546,0.440192123236088,0,0.658368662986791
10:31410659|31410892,1.58081754063064,-5.01068767910046,0.595472794217247,0.440310592221646,0,0.658368662986791
12:104186468|104234065,1.58081754063064,-5.01068767910046,0.595472794217247,0.440310592221646,0,0.658368662986791
12:8035286|8037769,1.58081754063064,-5.01068767910046,0.595472794217247,0.440310592221646,0,0.658368662986791
13:34169941|34170082,1.58081754063064,-5.01068767910046,0.595472794217247,0.440310592221646,0,0.658368662986791
14:31096466|31099384,1.58081754063064,-5.01068767910046,0.595472794217247,0.440310592221646,0,0.658368662986791
1:74637873|74638299,1.58081754063064,-5.01068767910046,0.595472794217247,0.440310592221646,0,0.658368662986791
2:143827997|143830109,1.58081754063064,-5.01068767910046,0.595472794217247,0.440310592221646,0,0.658368662986791
2:3779492|3780591,1.58081754063064,-5.01068767910046,0.595472794217247,0.440310592221646,0,0.658368662986791
5:145731713|145805854,1.58081754063064,-5.01068767910046,0.595472794217247,0.440310592221646,0,0.658368662986791
5:90612712|90613793,1.58081754063064,-5.01068767910046,0.595472794217247,0.440310592221646,0,0.658368662986791
MT:5760|5969,1.58081754063064,-5.01068767910046,0.595472794217247,0.440310592221646,0,0.658368662986791
5:90616445|90619915,-1.39181820394794,-4.51164527602777,0.595071819070479,0.440464552239157,0,0.658368662986791
17:35485664|35602563,-1.65123677452482,-3.66666692467291,0.570665733172939,0.449994492983121,0,0.658368662986791
1:88146161|88146325,1.71499977574703,-4.19992966302438,0.554137933346078,0.456631848688543,0,0.658368662986791
5:105441492|105491819,1.59198541589413,-0.0305548920681456,0.549337942590028,0.458588336656415,0,0.658368662986791
17:21870723|21899039,-1.37817012918308,-5.06969041410595,0.537887283240613,0.463309625997731,0,0.658368662986791
17:32763857|32848130,-1.37817012918308,-5.06969041410595,0.537887283240613,0.463309625997731,0,0.658368662986791
19:39627010|39627186,-1.37817012918308,-5.06969041410595,0.537887283240613,0.463309625997731,0,0.658368662986791
1:173698944|173733197,-1.37817012918308,-5.06969041410595,0.537887283240613,0.463309625997731,0,0.658368662986791
5:134290697|134308338,-1.37817012918308,-5.06969041410595,0.537887283240613,0.463309625997731,0,0.658368662986791
X:49692248|49704392,-1.37817012918308,-5.06969041410595,0.537887283240613,0.463309625997731,0,0.658368662986791
10:81395371|81400551,1.37765146268388,-5.06914240465964,0.534322662570828,0.46479517035903,0,0.658368662986791
12:103695490|103861462,1.37765146268388,-5.06914240465964,0.534322662570828,0.46479517035903,0,0.658368662986791
3:107949452|107949735,1.37765146268388,-5.06914240465964,0.534322662570828,0.46479517035903,0,0.658368662986791
4:46469889|46471467,1.37765146268388,-5.06914240465964,0.534322662570828,0.46479517035903,0,0.658368662986791
6:40691909|40727200,1.37765146268388,-5.06914240465964,0.534322662570828,0.46479517035903,0,0.658368662986791
6:90546797|90566412,1.37765146268388,-5.06914240465964,0.534322662570828,0.46479517035903,0,0.658368662986791
9:78149735|78211785,1.37765146268388,-5.06914240465964,0.534322662570828,0.46479517035903,0,0.658368662986791
12:104206506|104218004,-1.31279925465804,-5.07461746471628,0.497035660073718,0.480805531266746,0,0.658368662986791
1:191758486|191758671,-1.31279925465804,-5.07461746471628,0.497035660073718,0.480805531266746,0,0.658368662986791
2:103303397|103304765,-1.31279925465804,-5.07461746471628,0.497035660073718,0.480805531266746,0,0.658368662986791
5:22090493|22115111,-1.31279925465804,-5.07461746471628,0.497035660073718,0.480805531266746,0,0.658368662986791
6:124891371|124891922,-1.31279925465804,-5.07461746471628,0.497035660073718,0.480805531266746,0,0.658368662986791
7:19430551|19430922,-1.31279925465804,-5.07461746471628,0.497035660073718,0.480805531266746,0,0.658368662986791
1:173701917|173762743,1.24488698671161,-3.12655853733917,0.492541518351501,0.482795776512783,0,0.658368662986791
Y:90750411|90804949,1.98662040752566,-4.45834933990769,0.485606677168749,0.485893638026939,0,0.658368662986791
1:173587696|173733197,1.28025114506818,-5.00307250821201,0.47661112138855,0.489961362554713,0,0.658368662986791
10:86183965|86184116,1.28019603952545,-5.07811505232986,0.476611113209037,0.48996136627915,0,0.658368662986791
17:35517504|35610207,1.28019603952545,-5.07811505232986,0.476611113209037,0.48996136627915,0,0.658368662986791
17:57516248|57516460,1.28019603952545,-5.07811505232986,0.476611113209037,0.48996136627915,0,0.658368662986791
19:39604064|39686557,1.28019603952545,-5.07811505232986,0.476611113209037,0.48996136627915,0,0.658368662986791
19:39727820|39869686,1.28019603952545,-5.07811505232986,0.476611113209037,0.48996136627915,0,0.658368662986791
3:82915955|82917428,1.28019603952545,-5.07811505232986,0.476611113209037,0.48996136627915,0,0.658368662986791
5:89593241|89594428,1.28019603952545,-5.07811505232986,0.476611113209037,0.48996136627915,0,0.658368662986791
6:128761068|128792281,1.28019603952545,-5.07811505232986,0.476611113209037,0.48996136627915,0,0.658368662986791
6:29361559|29361752,1.28019603952545,-5.07811505232986,0.476611113209037,0.48996136627915,0,0.658368662986791
6:40701505|40727915,1.28019603952545,-5.07811505232986,0.476611113209037,0.48996136627915,0,0.658368662986791
7:16010127|16010478,1.28019603952545,-5.07811505232986,0.476611113209037,0.48996136627915,0,0.658368662986791
7:65733207|65736784,1.28019603952545,-5.07811505232986,0.476611113209037,0.48996136627915,0,0.658368662986791
17:31831794|31831956,-1.77340462964265,-4.43162227315137,0.463730121922677,0.495885836052966,0,0.658368662986791
19:8195128|8364168,-1.21220041463442,-5.0096312561985,0.441171043095139,0.506557783646568,0,0.658368662986791
10:76896203|76907896,-1.21197317540706,-5.08497650171513,0.441171024106046,0.506557792794264,0,0.658368662986791
17:31836362|31839987,-1.21197317540706,-5.08497650171513,0.441171024106046,0.506557792794264,0,0.658368662986791
19:39604064|39673512,-1.21197317540706,-5.08497650171513,0.441171024106046,0.506557792794264,0,0.658368662986791
19:39627010|39722904,-1.21197317540706,-5.08497650171513,0.441171024106046,0.506557792794264,0,0.658368662986791
1:139588580|139702409,-1.21197317540706,-5.08497650171513,0.441171024106046,0.506557792794264,0,0.658368662986791
4:63066960|63069762,-1.21197317540706,-5.08497650171513,0.441171024106046,0.506557792794264,0,0.658368662986791
5:90615203|90620543,-1.21197317540706,-5.08497650171513,0.441171024106046,0.506557792794264,0,0.658368662986791
8:110719238|110720591,-1.21197317540706,-5.08497650171513,0.441171024106046,0.506557792794264,0,0.658368662986791
8:85569220|85570790,-1.21197317540706,-5.08497650171513,0.441171024106046,0.506557792794264,0,0.658368662986791
9:108217025|108217374,-1.21197317540706,-5.08497650171513,0.441171024106046,0.506557792794264,0,0.658368662986791
MT:4834|13259,-1.21197317540706,-5.08497650171513,0.441171024106046,0.506557792794264,0,0.658368662986791
X:103366940|103386186,-1.21197317540706,-5.08497650171513,0.441171024106046,0.506557792794264,0,0.658368662986791
3:151203464|151203613,1.20774808167762,-4.80647784357236,0.437998834091671,0.508089917681525,0,0.658368662986791
10:76904224|76907509,1.20764217946454,-4.87143960669395,0.437902051443359,0.508136787724668,0,0.658368662986791
12:113107079|113107917,1.20692658862092,-5.08652552371818,0.437901845349315,0.508136887540141,0,0.658368662986791
17:35781791|35781964,1.20692658862092,-5.08652552371818,0.437901845349315,0.508136887540141,0,0.658368662986791
17:36352341|36377282,1.20692658862092,-5.08652552371818,0.437901845349315,0.508136887540141,0,0.658368662986791
18:60520552|60572570,1.20692658862092,-5.08652552371818,0.437901845349315,0.508136887540141,0,0.658368662986791
19:34564461|34585398,1.20692658862092,-5.08652552371818,0.437901845349315,0.508136887540141,0,0.658368662986791
5:90618650|90619933,1.20692658862092,-5.08652552371818,0.437901845349315,0.508136887540141,0,0.658368662986791
6:122048711|122211643,1.20692658862092,-5.08652552371818,0.437901845349315,0.508136887540141,0,0.658368662986791
5:123318737|123319515,-1.29644475874822,-3.31431423457263,0.430238242252901,0.511872069561147,0,0.661291373103562
16:22717782|22717944,1.57079498071083,-4.31789849928673,0.380912496263628,0.537115287972433,0,0.691903555399647
1:139786293|139858635,-1.04474485792546,2.22409989457963,0.363904272031488,0.546345857803916,0,0.701771834592961
3:82917408|82917896,2.06915009348912,-4.60480125405887,0.337306476496977,0.561388116284195,0,0.719027186186347
11:108302821|108303018,1.52878739071399,-4.35036496814122,0.306038273024062,0.580121495905636,0,0.740898024770912
3:82920285|82921614,-1.08988503340657,-3.31173077622418,0.301851418354136,0.582724069100424,0,0.74210159227319
9:103092392|103093101,-1.77426924633941,-4.50344282997501,0.294784208080807,0.587170882990801,0,0.745640297434342
7:3723102|3742455,1.04826765378239,-4.24952443877328,0.205799823996876,0.650079568499695,0,0.823188575408962
9:103089118|103093083,0.845214744150195,-3.40683834615216,0.19992457152484,0.654781736595845,0,0.826544504728382
7:19430731|19430922,0.987099075497315,-3.91519166918157,0.197891763462957,0.656427962368178,0,0.826544504728382
17:21871187|21899039,-0.974694178538106,-3.91989912522294,0.192529274303663,0.660819808990179,0,0.829737232074747
X:105059358|105070985,-1.02593609909393,-1.75547607086339,0.184367124694989,0.667646756738391,0,0.835961065159834
4:135682898|135686088,-0.949305827339483,-4.13427945462221,0.171202042889517,0.679045716299125,0,0.84785875750198
17:31477089|31559986,1.1006879896104,-4.6856312986661,0.167349250513168,0.682478437899654,0,0.849771202621575
12:103704356|103735225,0.860331150938826,-4.23023176433364,0.152102026239247,0.696534626020677,0,0.864863827309007
7:105244299|105244724,1.23270071036052,-4.40836759391671,0.122424819342636,0.726419313865917,0,0.899472114399072
12:104375308|104375566,1.02009596323202,-4.1787968091308,0.114156498999384,0.735460752159397,0,0.908151812749311
6:141580115|141594260,-0.879305944317129,-4.82615768525965,0.10466898918792,0.746297017906748,0,0.918993848496739
18:31752418|31769152,-0.725013561269552,-3.19538170719577,0.0900555171532855,0.764106588929625,0,0.938339684756984
17:34194471|34215628,0.58173847671623,-4.01964340438285,0.0683764861707538,0.793715447391178,0,0.972029602695497
MT:5760|5954,-0.39966123795656,-2.69240071967895,0.0576696935865206,0.810217732625304,0,0.9877173834707
7:3723102|3918072,0.615270189244407,-4.65574310639855,0.0572202218335164,0.810944697390933,0,0.9877173834707
6:121757909|121857559,-0.489153001118956,-4.23363048606672,0.049288368946043,0.824306223454479,0,1
5:121708717|121710148,-0.527496655633663,-4.69077251528513,0.0389151979853731,0.843616760149173,0,1
11:75304733|75305816,-0.612384866129267,-4.14294420211477,0.0329585842318791,0.855939821076532,0,1
MT:14917|15070,-0.456377731879845,-3.57516696969,0.0319787682629959,0.858074263461967,0,1
5:121711550|121714034,0.419998565224361,-4.91255243046718,0.0252722049469513,0.873690665999208,0,1
9:46140476|46141262,0.331060357861363,-4.19056168854686,0.0216934456174098,0.882905532593763,0,1
1:139481251|139481433,-0.439929239691997,-3.72857638487718,0.0172110457985699,0.89562431391772,0,1
17:57529265|57529839,-0.197000819837776,-3.67752003632974,0.0108496699138518,0.917040988833989,0,1
19:39990265|40085317,-0.182938389799968,-4.28455948602296,0.00643763697782833,0.936050444345626,0,1
17:40158536|40158740,-0.375295085835405,-4.54642553535607,0.00596295180356665,0.938448410901321,0,1
9:108208070|108212380,-0.266471861637288,-4.2515348915349,0.00529726159615418,0.94197936488131,0,1
1:180829364|180845042,-0.289672547635604,-4.73757285088737,0.00384362619112055,0.950565232736047,0,1
1:67254707|67259760,-0.12961882549059,-4.77182208257314,0.00231618801192309,0.961615194809668,0,1
4:141416581|141419622,-0.224412548081859,-4.72397564310813,0.00207005550264117,0.963710478521346,0,1
13:35143857|35172335,-0.22290602684266,-4.67644407501551,0.00186190679653664,0.965582107203679,0,1
14:21368081|21368251,0.158433766774403,-4.8023816825461,0.00114797952215984,0.972971369271893,0,1
1:139946514|140016578,0.158433766774403,-4.8023816825461,0.00114797952215984,0.972971369271893,0,1
6:124891371|124891667,-0.0770714375787004,-4.82623672567103,0.000501034018214774,0.982141811470603,0,1
3:82938817|82939055,-0.0432567404590022,-4.26126136549503,0.000367177736194298,0.984711965472924,0,1
14:30653118|30654226,-0.0324678136949485,-4.83482265829358,0.000145145076700288,0.99038762488952,0,1
4:63266207|63276129,-0.00297163399473858,-4.39908371521153,1.86244457189844e-06,0.998911116028528,0,1
12:103730869|103913468,-0.00927471615577196,-4.79601254206427,1.6358855154941e-06,0.998979492039912,0,1
10:127920173|127920321,2.51043743824569e-16,-4.99626104371709,-2.07670958908789e-07,1,0,1
11:70026747|70060205,3.76062898153506e-16,-4.74473401937291,-1.97396507986934e-07,1,0,1
12:103698220|103732229,0.00988143059634456,1.38116471536056,-6.3491139222549e-05,1,0,1
12:103698220|103822233,2.03055048265798e-11,-1.21494138311085,-1.45060934285984e-07,1,0,1
12:103787875|103863570,1.57548541485131e-13,-0.355898277304392,-3.47032635748511e-07,1,0,1
12:104183131|104214231,-1.38343066776696e-16,-4.87182773961988,-4.41742691897317e-07,1,0,1
12:104309198|104355971,7.02804457206193e-09,3.96761553117483,-3.53255459310269e-07,1,0,1
12:104309413|104310539,9.09858144043168e-18,-5.07896225418908,-3.16653192566338e-07,1,0,1
13:100383685|100453183,-9.01755182683548e-14,-5.08696858347918,-2.63761011812655e-07,1,0,1
14:52439088|52439639,9.09858144043168e-18,-5.07896225418908,-3.16653192566338e-07,1,0,1
14:59514770|59558956,1.89464337324896e-16,-4.91804841592313,-3.61246646963928e-07,1,0,1
14:59560617|59586837,-9.01755182683548e-14,-5.08696858347918,-2.63761011812655e-07,1,0,1
15:74855149|74983529,-1.01039948550865e-14,-5.01153369147254,-1.71553269335195e-07,1,0,1
17:34957817|34957975,2.51043743824569e-16,-4.99626104371709,-2.07670958908789e-07,1,0,1
17:35482355|35482878,-3.03835601697343e-17,-4.93994680407382,-3.01665168877353e-07,1,0,1
17:35484760|35614256,-1.4859157038159e-13,-4.92532091522805,-2.86709909095242e-07,1,0,1
17:35616043|35659160,-1.01039948550865e-14,-5.01153369147254,-1.71553269335195e-07,1,0,1
17:57522117|57522876,2.51043743824569e-16,-4.99626104371709,-2.07670958908789e-07,1,0,1
17:57533216|57533764,1.89464337324896e-16,-4.91804841592313,-3.61246646963928e-07,1,0,1
17:6744416|6907189,2.51043743824569e-16,-4.99626104371709,-2.07670958908789e-07,1,0,1
17:71537313|71538327,2.51043743824569e-16,-4.99626104371709,-2.07670958908789e-07,1,0,1
19:38112744|38113003,-8.57665258771168e-16,-4.84386200120174,-1.33623989154359e-07,1,0,1
1:134004761|134004901,1.89464337324896e-16,-4.91804841592313,-3.61246646963928e-07,1,0,1
1:151235893|151236590,1.89464337324896e-16,-4.91804841592313,-3.61246646963928e-07,1,0,1
1:172722242|172722538,-9.01755182683548e-14,-5.08696858347918,-2.63761011812655e-07,1,0,1
1:173733698|173854252,-9.01755182683548e-14,-5.08696858347918,-2.63761011812655e-07,1,0,1
1:173740380|173805000,-9.01755182683548e-14,-5.08696858347918,-2.63761011812655e-07,1,0,1
1:84014309|84014444,-9.01755182683548e-14,-5.08696858347918,-2.63761011812655e-07,1,0,1
2:27410882|27423038,9.09858144043168e-18,-5.07896225418908,-3.16653192566338e-07,1,0,1
2:34665078|34665245,2.51043743824569e-16,-4.99626104371709,-2.07670958908789e-07,1,0,1
3:82937581|82938247,-1.38343066776696e-16,-4.87182773961988,-4.41742691897317e-07,1,0,1
3:87273302|87274990,-1.01039948550865e-14,-5.01153369147254,-1.71553269335195e-07,1,0,1
4:107962241|107969450,-3.03835601697343e-17,-4.93994680407382,-3.01665168877353e-07,1,0,1
4:139007393|139007895,9.09858144043168e-18,-5.07896225418908,-3.16653192566338e-07,1,0,1
4:40807251|40807786,-8.57665258771168e-16,-4.84386200120174,-1.33623989154359e-07,1,0,1
4:53036873|53038252,-8.57665258771168e-16,-4.84386200120174,-1.33623989154359e-07,1,0,1
5:105228996|105305918,-1.01039948550865e-14,-5.01153369147254,-1.71553269335195e-07,1,0,1
5:137100023|137101099,1.89464337324896e-16,-4.91804841592313,-3.61246646963928e-07,1,0,1
5:87285063|87398561,1.89464337324896e-16,-4.91804841592313,-3.61246646963928e-07,1,0,1
5:90616370|90617389,2.13981990009119e-16,-4.23896162557422,-1.921147026285e-07,1,0,1
5:90616505|90617442,-4.14661057896896e-16,-4.71885405693755,-1.88485426116914e-07,1,0,1
6:121818231|121986400,-9.01755182683548e-14,-5.08696858347918,-2.63761011812655e-07,1,0,1
6:122049088|122212515,9.09858144043168e-18,-5.07896225418908,-3.16653192566338e-07,1,0,1
6:129515578|129518156,-9.01755182683548e-14,-5.08696858347918,-2.63761011812655e-07,1,0,1
6:71176865|71178764,-1.38343066776696e-16,-4.87182773961988,-4.41742691897317e-07,1,0,1
6:85422811|85422951,-1.01039948550865e-14,-5.01153369147254,-1.71553269335195e-07,1,0,1
7:103914170|103984881,1.89464337324896e-16,-4.91804841592313,-3.61246646963928e-07,1,0,1
7:105245520|105248533,-1.1624606497739e-17,-4.41003967032619,-1.35919143091819e-07,1,0,1
7:140353051|140354644,-1.2740783529139e-15,-4.80685064114288,-1.52046788036028e-07,1,0,1
7:19430326|19430538,-3.03835601697343e-17,-4.93994680407382,-3.01665168877353e-07,1,0,1
7:19430497|19430652,-1.2740783529139e-15,-4.80685064114288,-1.52046788036028e-07,1,0,1
7:19430688|19430847,-3.03835601697343e-17,-4.93994680407382,-3.01665168877353e-07,1,0,1
7:19430923|19431546,3.83151425398374e-16,-4.62813313765194,-2.93935333390348e-07,1,0,1
8:75823715|75823915,2.51043743824569e-16,-4.99626104371709,-2.07670958908789e-07,1,0,1
9:103100245|103100838,2.51043743824569e-16,-4.99626104371709,-2.07670958908789e-07,1,0,1
9:77884152|77887195,-1.01039948550865e-14,-5.01153369147254,-1.71553269335195e-07,1,0,1
MT:14589|14741,-1.01039948550865e-14,-5.01153369147254,-1.71553269335195e-07,1,0,1
MT:2992|12710,2.60953418878265e-16,-4.77330738300017,-1.84493672390965e-07,1,0,1
